StoreID,StoreName,StoreAddress
1,Kassulke Wisoky,151 Brentwood Place
2,Mayer Group,29076 Kedzie Lane
3,Durgan Rippin,3 Lakewood Terrace
4,Runte Toy and Pacocha,18 Rutledge Park
5,Abshire and Sons,0 Iowa Terrace
6,Hagenes Lynch,0827 Acker Junction
7,Tremblay Will,085 Roth Point
8,Klein Muller and Halvorson,705 Barby Plaza
9,Greenholt Bauch,5529 Helena Street
10,Satterfield Walter and Marks,476 Forest Junction
11,Parisian Group,843 Laurel Plaza
12,Mraz Buckridge,3515 Eagle Crest Road
13,Roberts Group,11279 Arapahoe Trail
14,Lynch Dietrich and Rohan,011 Melrose Crossing
15,Gibson Group,46 Dawn Trail
16,Johns Botsford and Blanda,4 Toban Terrace
17,Huels Yost and Durgan,8 Pond Circle
18,Heaney LLC,6 Oakridge Court
19,Cronin Group,9281 Claremont Point
20,Emard Gislason and Lowe,11723 School Park
21,Leannon Group,0 Vernon Junction
22,Graham Turner,3830 Lakewood Gardens Way
23,Keeling Fay and Tremblay,1 Westridge Road
24,Bergnaum and Sons,671 Rockefeller Pass
25,Kertzmann Marquardt,4900 Comanche Road
26,Sporer Hettinger,40 Magdeline Street
27,Schowalter Lind and Bernhard,41 Crest Line Court
28,O Hara Pacocha and Harris,5 Independence Pass
29,Trantow O Hara,6 Colorado Court
30,Mills Rodriguez,3 Weeping Birch Drive
31,Braun Krajcik and Swaniawski,4287 Gulseth Road
32,Cassin Schuppe,30 Manitowish Hill
33,Wintheiser and Sons,61 Ruskin Alley
34,Kub Considine,488 Moulton Court
35,Rogahn Pouros and Ullrich,20 Autumn Leaf Center
36,Langworth and Sons,85 Donald Drive
37,Dach Labadie,31 Mendota Way
38,Corwin Schneider and Greenholt,04715 Bluejay Junction
39,Feil Inc,1 Dakota Center
40,Kerluke Wilkinson and Beer,14959 Anthes Parkway
41,Schowalter Group,96 Sloan Center
42,Witting Koss and Rath,9413 Pond Crossing
43,Jerde Kutch and Howell,88 Lighthouse Bay Circle
44,Harber Cremin and Rutherford,48502 Fremont Place
45,Simonis LLC,533 Manley Circle
46,Cole Connelly,57 Oakridge Court
47,Wolf Mertz and Christiansen,515 Golf View Drive
48,Von Stracke,38 Cambridge Place
49,Lubowitz Pagac,2 Hintze Pass
50,Hegmann Witting,6 Graedel Hill
51,Swift and Sons,645 Grover Terrace
52,Raynor Inc,70 Bayside Pass
53,Baumbach Ratke,5585 Lerdahl Lane
54,Stanton Group,6115 Graedel Terrace
55,Wunsch Nitzsche,9 Crescent Oaks Plaza
56,Kiehn and Sons,075 Jay Crossing
57,Mills Ankunding and Corkery,0 Messerschmidt Hill
58,Pagac Rowe,0 Sugar Point
59,White Hintz,99006 Sunbrook Park
60,Nolan LLC,81 Morning Trail
61,Rice Greenfelder and Keeling,63337 Novick Drive
62,Hackett Veum,624 Spaight Park
63,Graham Crist,094 Brown Parkway
64,Mraz Hoeger,0957 Pierstorff Drive
65,Howell Inc,6 Pleasure Avenue
66,Kassulke Jacobi,6 Carpenter Crossing
67,Raynor Tromp and Rice,3789 Raven Terrace
68,Dicki Murray,29 Larry Court
69,Wintheiser DuBuque,84863 Kenwood Point
70,Eichmann Nikolaus,820 Loomis Drive
71,Goldner Hickle and Schinner,50700 Ludington Street
72,Little Hand,83565 Petterle Way
73,Gorczany Ward and Corkery,0 Gale Street
74,Pfeffer Gleichner,8 Melby Hill
75,Kutch Gislason,92775 Farragut Lane
76,Hickle Skiles and Waelchi,8578 Rowland Lane
77,O Conner Abshire and Larson,7233 Dryden Avenue
78,Gutkowski and Sons,4 Stuart Avenue
79,Bartoletti Inc,66527 Morning Terrace
80,Koss Cummerata,92 Fallview Crossing
81,Zemlak and Keeling,4985 Longview Park
82,Schmeler Nitzsche and Bernhard,31756 Northridge Junction
83,Shields Schroeder and Runte,683 Memorial Alley
84,Hoeger Dickens,750 Spohn Avenue
85,Denesik LLC,99113 Scoville Drive
86,Morissette Schumm and Predovic,59243 7th Plaza
87,Corkery LLC,5 Packers Circle
88,Wintheiser Heathcote,2142 New Castle Alley
89,Rice and Sons,75941 Texas Park
90,Kunde and Sons,837 Hermina Lane
91,Gutkowski Bashirian,6 Lillian Terrace
92,Ruecker Hickle and Bosco,439 Chive Court
93,Hirthe Harris,70 Shasta Way
94,Howe and Sons,11 Anzinger Park
95,Bruen Reichel and Abshire,72049 Spenser Pass
96,Connelly Hackett and Bradtke,7839 Anzinger Way
97,Shanahan Howell and Reynolds,551 Texas Trail
98,McLaughlin Oberbrunner,3 Oneill Crossing
99,Anderson and Sons,09 Mandrake Park
100,Morar Group,4026 Mosinee Court
101,MacGyver Hauck and Wuckert,3188 Banding Parkway
102,Herzog LLC,9077 Lillian Terrace
103,Reilly Champlin and Leuschke,2043 Reinke Crossing
104,Sanford LLC,3 Loftsgordon Junction
105,Lynch Roob and Brakus,98461 Annamark Avenue
106,Rath LLC,12530 North Parkway
107,Lowe Greenholt,531 Gina Junction
108,Jast Mills and Thiel,99 Forest Dale Drive
109,DuBuque and Sons,6 Dunning Plaza
110,Medhurst Kuhn and Bailey,28 Dovetail Court
111,Orn Koepp,117 Aberg Parkway
112,Bartoletti Grimes,9694 Montana Junction
113,Streich Williamson and Stoltenberg,3 Mccormick Pass
114,Nicolas Inc,2588 Eastwood Park
115,McDermott Beier and Rice,8787 Butterfield Center
116,MacGyver Wehner and Wolf,5 Village Terrace
117,Weimann Borer and Pfeffer,8 Arrowood Way
118,Stark Stracke,95300 Rockefeller Street
119,Reichel Group,66073 Merchant Plaza
120,Stark Inc,9 Brentwood Trail
121,Runolfsdottir Feil,71280 Continental Parkway
122,Murazik Grant,525 Brentwood Avenue
123,Ernser LLC,7026 Bobwhite Street
124,Mayert Runolfsson,10271 Hintze Place
125,Hauck Raynor and Pacocha,64 2nd Crossing
126,Kling Goldner and Medhurst,2 Mallory Court
127,Cormier Borer and Langosh,76797 Blue Bill Park Trail
128,Thompson Emard,50 Cottonwood Way
129,Feil Wehner,79 Old Shore Crossing
130,Maggio Group,15 Atwood Terrace
131,Brown Inc,721 Oakridge Place
132,Gleichner Hackett,4 Twin Pines Park
133,Skiles LLC,9109 Judy Alley
134,Ward Bruen and Terry,94385 Katie Point
135,Mertz Group,2036 Johnson Terrace
136,Howe Kemmer,99 Doe Crossing Terrace
137,Bradtke Ortiz and Jacobi,10487 Florence Pass
138,Stiedemann Bailey and Stroman,399 Bluejay Place
139,Berge Jenkins and Green,46516 Buell Circle
140,Swaniawski Emmerich and Thompson,55605 Sauthoff Pass
141,Schneider Group,6 Debs Parkway
142,Wuckert and Sons,56 Katie Plaza
143,Wisoky Gutmann and Blick,30 Fremont Lane
144,Weber LLC,013 Warrior Lane
145,Shields Group,1314 Express Plaza
146,Lubowitz Hayes,4 Straubel Avenue
147,Heidenreich and Sons,87751 Stephen Lane
148,Reichert MacGyver and MacGyver,6 Tennyson Pass
149,MacGyver Koss,0 Namekagon Crossing
150,Abbott MacGyver and Bogisich,9962 Eggendart Way
151,Conroy Parker and Funk,458 Marcy Point
152,Crona Inc,83917 Knutson Center
153,Schmitt Medhurst,3831 Jay Parkway
154,Bins Schroeder,1 Briar Crest Pass
155,Bauch Tillman and Ferry,662 Cottonwood Center
156,Grant Inc,2 Springs Way
157,Hoeger Bernhard,8 Dennis Place
158,Abshire Group,06362 Bashford Point
159,Streich Group,78 Valley Edge Drive
160,Hammes Walker and Nikolaus,10 Dakota Plaza
161,Predovic and Sons,29592 Iowa Parkway
162,Mertz Greenfelder and Howell,721 Dakota Plaza
163,Feeney Group,25778 Golf View Road
164,Carroll Torphy,13395 Nova Avenue
165,Block and Sons,581 Arizona Lane
166,Roob Gutmann,00548 Loeprich Terrace
167,Bayer LLC,3693 Merrick Junction
168,Strosin LLC,36 Summit Plaza
169,Keeling Blanda and Boehm,17488 Spaight Circle
170,Funk and Sons,1013 Tony Point
171,White Wisoky,04307 Maryland Terrace
172,Olson and Sons,7 Dahle Pass
173,Hoeger Bradtke,25 Clove Parkway
174,Price Langosh and Steuber,579 Scoville Circle
175,Collins and Sons,14 Donald Parkway
176,Luettgen Kuvalis,81 Roxbury Plaza
177,Block Inc,96 Derek Street
178,Kassulke Inc,3278 Homewood Drive
179,Schmitt Bosco and Purdy,874 Bartelt Way
180,Russel Inc,27 Springview Court
181,Daniel Howe and Glover,8640 4th Circle
182,Dickens Dach,6663 Grover Drive
183,Mosciski Hintz and Hauck,345 Moulton Crossing
184,Hahn Murphy and Collins,18 Lyons Hill
185,Lindgren Adams,0916 Vahlen Circle
186,Lebsack Anderson,44 Goodland Terrace
187,Kshlerin Bednar,08 Lakeland Drive
188,Christiansen Tromp and Stamm,6424 Armistice Junction
189,Wisozk Monahan,34305 Brentwood Point
190,Boyle LLC,31220 Gina Place
191,Rodriguez Schroeder,2 Moland Junction
192,Shields Lubowitz,6 Maple Wood Terrace
193,Towne Considine and Feest,42999 Sauthoff Street
194,Ratke LLC,9 Mallard Pass
195,Walker Reichel and Legros,03 Bunting Alley
196,Hickle Harber and Emmerich,791 Spaight Parkway
197,West Inc,11 Crownhardt Hill
198,Rippin Moen,58 Charing Cross Way
199,Predovic Wolff and Nicolas,62046 Crescent Oaks Lane
200,Gulgowski Bashirian and Little,33 Sundown Circle
201,Blick Turcotte,6733 Graedel Circle
202,Cassin Price,02990 Haas Trail
203,Stroman Zboncak,70 Messerschmidt Road
204,Bauch Swaniawski,49735 Bluejay Terrace
205,Weber Trantow and Dicki,1607 Annamark Plaza
206,Zboncak Maggio,56 Carpenter Terrace
207,Sanford Stiedemann,110 Annamark Street
208,Baumbach Group,069 Bayside Point
209,Wiegand Kunde,23 Center Parkway
210,Batz Kirlin,913 Holmberg Alley
211,Deckow Yost and Brakus,70 Quincy Avenue
212,Murphy D Amore,70398 Goodland Center
213,McDermott Orn,0850 Schlimgen Crossing
214,Dietrich Schaefer and Streich,1473 Del Mar Center
215,Funk Inc,6 Maple Drive
216,Ernser Inc,48359 Caliangt Street
217,Moen Legros,36 Autumn Leaf Road
218,Bode Medhurst and Dare,6 Derek Trail
219,Schmitt LLC,1460 Bunker Hill Park
220,Bauch Cole and VonRueden,86178 Emmet Point
221,Pagac Stamm,9 Portage Pass
222,Vandervort Inc,17581 Donald Point
223,Heidenreich Tromp,99 Mendota Trail
224,Ledner Group,93229 Mariners Cove Court
225,Schmidt and Sons,2552 Hoepker Hill
226,Koss Heidenreich and O Reilly,3 Jana Pass
227,Hegmann White,4072 Esch Parkway
228,Reinger Ritchie,5 Crescent Oaks Avenue
229,Marks Watsica,91 Algoma Pass
230,Yundt Group,364 Macpherson Circle
231,Lockman Group,47 Reindahl Center
232,Gulgowski and Sons,7662 1st Point
233,Altenwerth Turner,0 Holmberg Drive
234,Hartmann Inc,599 Talmadge Crossing
235,Nitzsche Rutherford,0 Karstens Terrace
236,Conn Group,65 Clove Plaza
237,Fay Ortiz,40 Boyd Drive
238,Hirthe Fahey and Pouros,10549 Arrowood Trail
239,Borer and Sons,6 Bonner Terrace
240,Wolff Schneider,85 Sunnyside Circle
241,Gusikowski Satterfield and Volkman,1558 Melby Trail
242,Jones Mayert and Feest,97823 1st Terrace
243,Dietrich Inc,73 Bunting Place
244,Abernathy LLC,5578 Hauk Point
245,Ondricka Lebsack and Leannon,1 Northview Plaza
246,Stiedemann Lueilwitz,24701 Walton Parkway
247,Armstrong Group,4 Eggendart Trail
248,Connelly Inc,74 Shopko Trail
249,Pacocha Group,9875 Montana Alley
250,Botsford Group,4734 Morning Court
