NovelId;NovelName;WriterId;PublishDate;Price
1;Aura, The (Aura, El);44;1999-06-29;393296
2;Free Willy 3: The Rescue;37;1998-04-29;564306
3;The Clowns;76;2014-11-14;317694
4;Much Ado About Nothing;42;2009-11-06;676285
5;Om Shanti Om;7;2005-09-02;670817
6;Object of Beauty, The;32;2014-01-14;507487
7;Once Upon a Crime...;20;2015-12-28;482160
8;Video Games: The Movie;22;2016-05-11;188799
9;Forever Amber;83;2011-01-22;451540
10;Bobby Deerfield;39;1996-03-12;684358
11;Eagle Has Two Heads, The (L'aigle à deux têtes);45;1999-10-30;292740
12;To Tulsa and Back: On Tour with J.J. Cale;64;2014-10-20;649648
13;Twenty-Four Eyes (Nijûshi no hitomi);3;2006-06-24;593707
14;Photographing Fairies;40;2000-01-21;457098
15;This Man Must Die (Que la bête meure);82;2017-11-05;568798
16;Secret Policeman's Other Ball, The;1;2006-10-16;619361
17;Mr. Hobbs Takes a Vacation;11;2004-01-19;322528
18;Soft Shell Man (Un crabe dans la tête);92;2010-09-12;356070
19;Ben X;63;1997-10-28;270468
20;Thumbsucker;58;1997-03-08;251966
21;Lineup, The;63;2018-08-02;605707
22;Vertical Limit;4;1998-06-06;474255
23;Takedown: The DNA of GSP;6;2019-11-27;696488
24;Above the Rim;38;2003-07-05;673369
25;Alice (Neco z Alenky);44;2017-09-12;490015
26;Bill & Ted's Bogus Journey;74;2011-02-07;410565
27;Strangers When We Meet;86;1997-10-06;577261
28;Unzipped;64;2004-08-27;315111
29;Viva Riva!;78;2003-05-05;604559
30;Soul Man;36;2018-09-03;450027
31;Monsieur Lazhar;72;1997-11-29;635554
32;Return of Don Camillo, The (Retour de Don Camillo, Le);70;1996-09-11;569848
33;Apollo 13;72;2008-06-04;505378
34;Arsenic and Old Lace;57;2008-05-06;140398
35;Dhobi Ghat;15;1998-05-26;487305
36;Dead Snow 2: Red vs. Dead ;47;2014-12-29;189863
37;Small Wonders;51;2010-10-25;211283
38;Ghost in the Machine (a.k.a. Deadly Terror);68;2019-03-10;207385
39;Watermarks;58;1997-02-10;464540
40;Nanny Diaries, The;9;2013-07-11;226030
41;Road Kill (a.k.a. Road Train);89;2011-12-08;495877
42;Kiss Me Goodbye;50;2004-01-09;668119
43;Whatever Works;99;1998-11-09;403109
44;Hidden Agenda;12;1995-02-16;479958
45;Owl and the Pussycat, The;72;1996-03-20;544793
46;Other End of the Line, The;89;2016-04-25;232537
47;October;57;2015-05-22;393974
48;Thin Blue Lie, The;14;2006-07-17;394369
49;Letters to God;34;1996-08-27;585498
50;Wend Kuuni (a.k.a. God's Gift);47;1996-11-09;464663
51;Lady Jane;35;2011-04-04;426508
52;Mistress America;42;2014-02-01;669362
53;Kid Millions;100;2013-08-11;169905
54;Brother of Sleep (Schlafes Bruder);23;2016-01-05;505382
55;Columbus Circle;33;2011-07-26;156122
56;Thunderbirds;81;2004-03-04;300060
57;Remember Me;47;2017-04-27;455653
58;Crank: High Voltage;69;2006-02-06;655670
59;Neon Flesh (Carne de neón);53;2005-12-05;674711
60;Glengarry Glen Ross;70;2002-09-10;373290
61;These Three;47;2000-11-05;632047
62;Quigley Down Under;43;2005-04-13;368207
63;Games of Love and Chance (L'esquive);78;2011-05-31;648274
64;Tiger from Tjampa, The (Harimau Tjampa);72;2001-03-03;368379
65;King of Kings, The;97;2017-03-05;359409
66;My Demon Lover;7;2015-05-01;385079
67;Noah;67;2015-10-29;477207
68;Gimme the Loot;18;1998-03-07;203535
69;Dillinger;82;2013-01-25;424667
70;Art School Confidential;17;2001-05-22;209536
71;Forbidden Christ, The (Cristo proibito, Il);60;1998-10-01;168185
72;Jean-Michel Basquiat: The Radiant Child;93;2005-08-01;604769
73;Grave Decisions (Wer früher stirbt, ist länger tot);98;2015-08-09;624406
74;Funny Thing Happened on the Way to the Forum, A;74;2010-05-19;242918
75;Wedding Bell Blues;78;2006-06-14;163127
76;Day He Arrives, The (Book chon bang hyang);1;2007-12-16;168795
77;Trainspotting;20;2014-05-23;513462
78;Grandfather, The (Abuelo, El);62;1999-10-02;132803
79;Paperhouse;84;2006-06-01;239604
80;Green Dragon;38;2001-01-05;276006
81;Two for the Money;23;2014-09-07;233452
82;White Darkness, The;46;2003-08-07;185546
83;Last Play at Shea, The;12;2014-04-22;351608
84;Allan Quatermain and the Temple of Skulls;5;1996-05-18;277200
85;Dragonwyck;18;2008-08-24;656975
86;THX 1138;24;1998-12-20;622268
87;Stolen (Stolen Lives);40;1999-09-05;469708
88;Beyond the Black Rainbow;41;1996-12-11;490302
89;Murder in Coweta County;45;1999-04-03;676518
90;Shrek Forever After (a.k.a. Shrek: The Final Chapter);90;1996-07-07;603189
91;Maniac Cop 2;22;2013-07-10;281915
92;10 minutes (10 minuta);78;2001-08-30;692394
93;Newsfront;42;1997-09-17;605558
94;Omen, The;31;2014-07-05;313092
95;Shriek If You Know What I Did Last Friday the Thirteenth;86;2006-09-12;128160
96;West Beirut (West Beyrouth);94;2017-11-25;407567
97;Diary of a Wimpy Kid;81;1999-02-18;266145
98;If You Are the One;48;1998-07-07;595973
99;17 Again;56;2016-12-17;143537
100;Syrinx;85;2011-11-21;605924
101;Proof;36;2018-08-06;491539
102;Itinerary of a Spoiled Child;55;1997-05-10;298804
103;Brewster's Millions;23;2007-06-21;569707
104;Sicilian, The;7;2002-11-11;174058
105;Sting, The;46;1999-11-28;302902
106;Collector, The (La collectionneuse);71;1999-11-06;585401
107;Venice/Venice;88;2014-02-14;527439
108;American in Paris, An;34;2014-06-12;320936
109;Always for Pleasure;95;2015-09-06;260663
110;Suicide Killers;99;2011-09-03;217108
111;Joan of Arc;5;2008-09-17;693808
112;Do You Wanna Know a Secret?;27;1998-01-16;117258
113;Murder Ahoy;58;2007-07-25;543905
114;Patton;52;2013-03-05;481821
115;Power of One, The;31;2007-12-27;588983
116;Grateful Dead Movie, The;46;1998-03-11;331632
117;Robe, The;37;1996-05-10;365121
118;Barabbas;2;2007-05-08;635783
119;Woyzeck;52;2008-11-02;460729
120;Nobody Loves Me (Keiner liebt mich);81;1998-12-29;121702
121;Dance Party, USA;61;1996-02-06;658818
122;Elmer Gantry;87;2011-09-11;129105
123;Teen Wolf;26;2001-04-24;428450
124;Jubal;69;2015-03-09;526914
125;Joyless Street, The (Die freudlose Gasse);64;2006-02-01;162533
126;Friday the 13th Part V: A New Beginning;93;2017-10-31;533585
127;Take This Waltz;85;1997-11-23;506958
128;Jazz;53;2007-10-24;373839
129;Boiling Point (3-4 x jûgatsu);7;2014-10-19;434341
130;Hired Hand, The;33;2019-02-10;224731
131;Dinoshark;35;1999-01-27;443626
132;Next Karate Kid, The;72;2015-10-26;682317
133;The Things of Life;26;2000-09-20;452092
134;Liverpool;62;2006-11-25;242436
135;Distance;16;1998-01-02;220964
136;Honky Tonk Freeway;54;2013-08-03;539352
137;Full Monty, The;27;2008-01-04;624103
138;Io Island (Iodo);81;2010-08-01;177524
139;Mad Love;46;1998-04-14;131793
140;Caddyshack;39;2015-11-29;318439
141;Bloody Angels (1732 Høtten: Marerittet har et postnummer);32;1997-10-23;597178
142;Days of Glory (Indigènes);17;1998-01-10;100480
143;Behold a Pale Horse;32;2005-07-21;503702
144;Uranus;32;2017-10-29;243036
145;On the Threshold (Lars i porten);24;2002-04-16;655673
146;Californie, La;17;2012-08-10;494407
147;Germinal;75;2012-01-11;117237
148;Mr. Bug Goes to Town (a.k.a. Hoppity Goes to Town);100;2011-04-18;337624
149;Imaginary Heroes;32;2006-05-14;476574
150;The Woman on Pier 13;15;2006-07-07;342037
151;Noah's Ark;83;2008-07-03;144025
152;Please Vote for Me;82;2008-08-14;290523
153;More;2;2004-11-03;273384
154;Ride Beyond Vengeance;11;2013-11-28;381964
155;Road, Movie;95;2010-12-16;292999
156;Lightspeed;42;2008-05-08;185469
157;Mikado, The;1;2002-04-12;584159
158;You're a Big Boy Now;55;1997-09-09;542703
159;Night Tide;4;1998-09-11;442983
160;Where Danger Lives;74;2006-02-10;256887
161;Cat's-Paw, The;67;2014-10-10;588055
162;Blood of a Poet, The (Sang d'un poète, Le);42;2006-02-14;171241
163;Mutant Action (Acción Mutante);94;2007-09-27;392417
164;Wedding Song, The ;13;2009-01-16;318215
165;Family Law (Derecho de familia);20;1997-12-22;181381
166;Oliver!;18;2016-05-03;396871
167;Happiest Millionaire, The;7;1995-05-04;299088
168;Century of the Dragon (Long zai bian yuan);78;2013-04-03;545927
169;I'm Gonna Explode (a.k.a. I'm Going to Explode) (Voy a explotar);26;2014-01-17;360052
170;Bestiaire;99;2016-12-02;622064
171;Housekeeping;40;2017-08-17;481743
172;Suicide Manual (Jisatsu manyaru);74;2008-12-11;226948
173;Counterfeiters, The (Le cave se rebiffe);85;2017-02-03;345848
174;Carriage to Vienna;3;2017-02-21;699637
175;Interstate 60;66;2016-08-05;675336
176;Beast with Five Fingers, The;45;2020-05-10;243587
177;Murderer Lives at Number 21, The (L'assassin habite... au 21);51;1998-12-11;218996
178;Night Out, A;66;2001-09-04;434278
179;Warm Water Under a Red Bridge (Akai hashi no shita no nurui mizu);60;2002-04-17;169647
180;Edward, My Son;57;2012-11-14;600245
181;Don Jon;37;2016-09-20;498869
182;Dangerous Davies: The Last Detective;84;1999-02-05;374548
183;Corrina, Corrina;73;2001-03-18;326194
184;Crazies, The;40;2012-03-02;253500
185;Adventurer: The Curse of the Midas Box, The;32;1998-09-15;575385
186;Out of Nature;39;2002-06-23;379142
187;Phantom of the Woods;93;1999-04-15;298540
188;Gaslight;94;2013-09-20;637393
189;One Hour with You;28;2015-06-22;287723
190;Canterbury Tales, The (I racconti di Canterbury);99;2014-09-30;453072
191;Redes (Fishermen's Nets) (Wave, The);86;2000-04-30;539908
192;Glimmer Man, The;40;2017-01-09;503253
193;To Catch a Thief;28;2001-07-21;527584
194;Colour Me Kubrick: A True...ish Story;47;1995-04-01;162484
195;Gay Purr-ee;8;2002-09-30;383381
196;Dear Heart;99;2014-04-01;608418
197;Battle for Brooklyn;95;2005-12-18;233029
198;New York: A Documentary Film;85;1996-02-28;611031
199;Windstruck (Nae yeojachingureul sogae habnida);2;2010-01-24;565149
200;Wind with the Gone (El viento se llevó lo qué);15;2018-10-22;222444
201;Fear[s] of the Dark (Peur[s] du noir);73;2008-11-14;236450
202;Long Way Home, The;42;2008-08-11;138127
203;Dirty Girl;100;2004-09-09;442015
204;Alucarda;97;2000-06-07;456802
205;Synthetic Pleasures;21;2002-06-17;389385
206;More Than Honey;2;1997-08-19;220910
207;Dersu Uzala;14;2013-09-17;211771
208;Blame (6 Films to Keep You Awake) (Películas para no dormir: La culpa);60;2000-04-29;195432
209;Souler Opposite, The;47;2001-04-17;574248
210;Fright Night Part II;10;2005-02-23;142994
211;Ring Finger, The (L'annulaire);79;2012-09-06;353110
212;Unholy Rollers, The;57;2000-01-10;597471
213;Hello! How Are You? (Buna! Ce faci?);47;1996-08-22;545347
214;Time of Peace (Tempos de Paz);40;2006-05-13;564170
215;31 North 62 East;93;2018-10-02;100087
216;Yamakasi - Les samouraïs des temps modernes;35;2001-08-06;505003
217;Dirty Dancing: Havana Nights;64;2002-09-08;619574
218;All About the Feathers (Por Las Plumas);74;2008-10-01;103290
219;Six Ways to Sunday;43;2001-11-07;213527
220;I Will Fight No More Forever;17;2011-02-05;508799
221;Vodka Lemon;70;2013-02-26;632443
222;Last Truck: Closing of a GM Plant, The;11;2003-04-01;306898
223;Crocodile Dundee;85;2019-11-04;489188
224;Ox-Bow Incident, The;3;2006-09-29;402701
225;Commando;46;2010-04-08;283259
226;Doubt;46;2005-06-27;143636
227;Tiresia;34;2001-09-10;342476
228;Command Decision;72;2018-03-22;423870
229;Desert Heat (Inferno);41;2002-11-27;196532
230;X;40;2015-11-17;575368
231;Warning for the Joensson Gang (Varning för Jönssonligan);14;2003-05-16;306470
232;Hannah and Her Sisters;77;2017-10-31;412162
233;Legend of Zorro, The;72;2010-04-29;363762
234;New Gladiators (I guerrieri dell'anno 2072);37;2002-02-23;215062
235;Borderland;36;1999-01-30;578499
236;Man with an Apartment (Czlowiek z M-3);81;1998-11-23;512428
237;Highlander: The Search for Vengeance;25;1999-06-04;534421
238;For the Love of a Dog;99;2012-07-03;390829
239;Wolf Creek;47;2014-09-07;621306
240;Dr. Ehrlich's Magic Bullet;93;1999-07-25;560487
241;That Day (Ce jour-là);13;2017-02-27;275846
242;Second Jungle Book: Mowgli & Baloo, The;54;2017-06-08;334732
243;Toxic Avenger, The;63;2002-09-16;415114
244;Death Race 3: Inferno;29;1996-08-17;228332
245;Buster;79;1996-08-07;446974
246;Liebestraum;71;2018-06-03;363808
247;Passing Strange;46;1995-06-06;479182
248;Ernest Scared Stupid;38;2019-01-10;483654
249;Stephanie Daley;13;2012-01-14;597239
250;Hush;59;2000-02-12;333167
251;Man Vanishes, A (Ningen Johatsu);82;2011-06-02;473207
252;Shopping;19;2017-10-28;121111
253;Hellsing Ultimate OVA Series;41;2009-08-28;163451
254;Black Rock;21;2000-03-11;211123
255;Balance, La;56;2010-10-09;639095
256;Brain Damage;56;2003-06-19;529538
257;200 Cigarettes;28;1997-01-20;436413
258;Lady in Cement;89;2015-11-02;499969
259;Kiss Kiss Bang Bang;48;2005-02-26;518503
260;Crime Zone;14;2000-01-26;285834
261;One Way Passage;61;2009-08-09;388130
262;New World (Shin-sae-gye);99;1999-10-23;558899
263;Chronicle;48;2012-05-28;470220
264;Savior;5;2011-11-25;430181
265;Fausto;56;2013-03-05;239957
266;Battle for the Planet of the Apes;90;2015-02-15;503147
267;Playboys, The;59;2008-03-09;205953
268;Philosophers, The (After The Dark);21;2001-05-12;509492
269;Bastards (Les salauds);30;2007-07-02;383478
270;Star Trek: Nemesis;73;2011-12-21;230771
271;Hamsun;7;2015-05-07;609392
272;Legend of the Eight Samurai (Satomi hakken-den);10;2000-10-04;511803
273;Léon: The Professional (a.k.a. The Professional) (Léon);100;2000-03-30;162205
274;Blueberry;63;1995-07-15;621629
275;Burma VJ: Reporting from a Closed Country (Burma VJ: Reporter i et lukket land);61;2000-07-22;370384
276;Hilton!;3;2002-08-28;240908
277;Gospel of Judas, The;32;2008-10-09;125207
278;Varsity Blues;45;1995-09-21;578051
279;Afterglow;81;2016-04-16;286464
280;Young Frankenstein;35;1999-04-06;571778
281;War Dance;78;2005-03-04;657149
282;Pride and the Passion, The;69;1999-09-19;273089
283;Jeremiah Johnson;9;2000-09-07;224936
284;Wild Card;73;2014-05-06;242445
285;My Baby's Daddy;56;2014-01-03;154717
286;Winter Nomads;65;2003-08-13;427355
287;Zatoichi's Conspiracy (Shin Zatôichi monogatari: Kasama no chimatsuri) (Zatôichi 25);19;2006-11-02;606029
288;Baghban;27;1996-10-23;545445
289;Dark Corner, The;64;2007-09-09;470137
290;Volcano (Eldfjall);62;2018-10-18;559247
291;And the Band Played On;64;2010-02-15;107406
292;Kites;54;1998-08-21;243407
293;Christmas on Mars;25;1997-12-23;149668
294;Susannah of the Mounties;87;2017-02-22;666468
295;Legend of Suram Fortress, The (Ambavi Suramis tsikhitsa) ;67;2005-03-03;393802
296;Elite Squad (Tropa de Elite);91;2016-09-25;597589
297;Strip Nude for Your Killer (Nude per l'assassino);95;2016-09-23;257775
298;King of Comedy, The;58;2014-09-19;163628
299;They Call Us Misfits (Dom kallar oss mods);14;2007-08-11;193338
300;Clonehunter;18;2012-10-31;484924
301;Happy Feet Two;53;1998-12-08;282837
302;Yonkers Joe;9;2000-11-14;559446
303;Everyone Else (Alle Anderen);38;1996-07-18;367473
304;Boss of It All, The (Direktøren for det hele);35;2019-03-08;470577
305;Can't Stop the Music;81;1997-02-16;557534
306;Grand Theft Parsons;94;2001-09-10;384492
307;Babel;98;2012-12-07;300978
308;Sound and Fury;20;2006-04-20;157128
309;Transformers;41;2004-02-21;594944
310;Gamera vs. Gyaos (Daikaijû kûchûsen: Gamera tai Gyaosu);47;2003-06-20;168984
311;World Without Thieves, A (Tian xia wu zei);19;2009-01-26;177600
312;Bollywood/Hollywood;52;2017-10-02;429754
313;Wilbur Wants to Kill Himself;17;2005-07-14;432460
314;Between Two Worlds;60;2015-10-12;614542
315;Stockholm East (Stockholm Östra);79;1997-04-12;104951
316;Terkel in Trouble (Terkel i knibe);5;2019-08-31;506366
317;Punisher, The;2;2013-07-08;657438
318;Billy the Kid vs. Dracula;73;2004-04-21;470874
319;Satyricon;37;2013-12-29;280636
320;Horse Rebellion, The (Pulakapina);88;2007-07-25;237250
321;Wreck-It Ralph;26;2010-09-02;664444
322;Species II;37;1999-06-20;494316
323;Giver, The;49;2011-08-02;325395
324;Battleship Potemkin;11;2011-09-16;623438
325;Pain in the Ass, A (L'emmerdeur);93;2001-03-05;302971
326;Truth or Die ;56;1996-07-06;337184
327;Cowboy Way, The;38;2014-03-19;175825
328;SIS;73;2002-03-25;477038
329;Doppelganger;3;2014-08-12;359784
330;De-Lovely;50;2018-04-26;485762
331;Slingshot, The (Kådisbellan);82;2007-11-07;537660
332;Mr. Morgan's Last Love;10;2004-07-21;157157
333;Masseurs and a Woman, The (Anma to onna);36;2006-01-28;456029
334;Crimewave;32;2012-07-03;363589
335;Kung Fu Panda;57;1996-09-08;228685
336;Saturday Night Fever;47;2014-10-01;419739
337;Same River Twice, The;12;2006-01-17;135852
338;The Man from Acapulco;52;2009-09-22;283263
339;Touch of Evil;60;2000-04-15;615114
340;Jesus Christ Vampire Hunter;26;2000-12-11;608988
341;Gun in Betty Lou's Handbag, The;41;2011-12-15;616062
342;Death by Hanging (Koshikei);76;1998-01-03;554998
343;La Première étoile;64;2016-03-11;374510
344;Strada, La;85;2005-01-05;243441
345;Blondes at Work;70;2001-08-12;236025
346;Summer Place, A;87;2016-07-03;645631
347;Love and Other Catastrophes;57;1998-09-24;401040
348;Mourning Becomes Electra;2;2002-01-08;176654
349;Prozac Nation;59;2018-12-06;153659
350;Pier, The (Jetée, La);4;1998-09-02;344354
351;Wild About Harry;90;2007-02-06;599354
352;Quiet Earth, The;15;1997-03-26;269872
353;In a Glass Cage (Tras el cristal);66;2020-03-15;190430
354;In This World;10;2017-03-06;384715
355;Three Smart Girls;8;2002-11-20;299681
356;Simpsons Movie, The;10;1997-03-04;580235
357;S. Darko (S. Darko: A Donnie Darko Tale);62;2018-08-27;294693
358;Living Proof;61;1998-12-11;599073
359;Grace of Monaco;3;2002-05-21;535343
360;Steal Big, Steal Little;26;2018-02-11;628363
361;Bohemian Eyes (Boheemi elää - Matti Pellonpää);90;2016-03-29;278391
362;Hound of the Baskervilles, The;83;2018-01-17;351399
363;Beauty and the Bastard (Tyttö sinä olet tähti);6;2010-01-05;250544
364;Hell and Back Again;57;1997-10-05;145238
365;Sophia de Mello Breyner Andresen;28;2014-03-03;538476
366;Great War, The (Grande guerra, La);22;2013-01-14;244345
367;Other Side of Bollywood, The;98;2014-07-05;440767
368;Straight Talk;10;2010-01-03;306957
369;Evil Toons;81;2014-04-25;528646
370;Midnight Mary;38;2000-04-27;296304
371;Star Wars: Episode IV - A New Hope;15;2001-03-02;111821
372;Valentino;54;2018-08-23;513048
373;Love & Pop;83;2012-07-03;277289
374;Taifu Club (Taifû kurabu);55;1999-03-20;567471
375;In Their Sleep (Dans ton sommeil);79;2019-04-12;297060
376;Saving Sarah Cain;3;2009-10-28;516538
377;Blood Shot;64;2009-02-20;375980
378;After Porn Ends;52;1996-08-27;599765
379;Grave Encounters 2;18;2011-09-24;366659
380;Harry Potter and the Deathly Hallows: Part 1;50;2015-04-12;432342
381;Bottle Shock;80;1997-11-24;102781
382;Confessions of a Driving Instructor;61;1998-10-26;666597
383;Time to Kill, A;4;2000-06-22;420643
384;Before the Revolution (Prima della rivoluzione);99;2004-01-27;373209
385;Mystic Masseur, The;56;1998-02-11;650264
386;Thrive;73;1999-09-10;686480
387;Johnson Family Vacation;36;2012-10-11;485834
388;Wuthering Heights;81;2005-05-07;676684
389;If a Tree Falls: A Story of the Earth Liberation Front;26;2002-07-24;159251
390;Prince and the Showgirl, The;80;2001-10-31;674280
391;Damsel in Distress, A;30;2017-05-17;562595
392;Bestseller (Be-seu-teu-sel-leo);59;2015-09-04;503438
393;Blossoming of Maximo Oliveros, The (Ang pagdadalaga ni Maximo Oliveros);41;2019-03-02;238836
394;Rabid Dogs (Kidnapped) (Cani arrabbiati);1;2003-01-24;488320
395;Catacombs;89;2005-02-19;278678
396;Little Monsters;14;2020-02-11;456820
397;Men Who Made the Movies: Samuel Fuller, The;20;2005-03-06;448058
398;Princess and the Pony;97;2010-09-13;184927
399;Legend of 1900, The (a.k.a. The Legend of the Pianist on the Ocean) (Leggenda del pianista sull'oceano);89;1995-09-11;167754
400;Jamesy Boy;69;1995-12-24;181599
401;Four Heads Are Better Than One (Un homme de tête);2;2008-10-09;320392
402;Lovely & Amazing;50;2019-01-20;611675
403;Them (Ils);82;1999-10-03;268809
404;Five-Year Engagement, The;50;2011-04-21;113910
405;Dernier Combat, Le (Last Battle, The);74;2010-12-18;608666
406;Broken Lullaby (a.k.a. The Man I Killed);81;2006-01-09;368836
407;Flower in Hell (Jiokhwa);19;2009-02-11;438542
408;I'm King Kong!: The Exploits of Merian C. Cooper ;64;2006-02-20;391923
409;25th Hour;94;2019-03-02;694554
410;E=mc2;40;2006-10-15;161776
411;Apartment, The (Appartement, L');50;2011-03-01;182173
412;Young Again;99;2008-08-20;316416
413;Star Is Born, A;36;2007-01-19;233457
414;Talk Radio;38;2016-04-25;198719
415;Letters to Father Jacob (Postia pappi Jaakobille);61;1996-11-06;557442
416;Ishtar;28;2017-01-11;378009
417;Heartbreak Kid, The;32;2009-03-18;170136
418;Sharpe's Battle;7;2002-09-29;454365
419;W.E.;36;2019-11-24;389186
420;City of the Living Dead (a.k.a. Gates of Hell, The) (Paura nella citta dei morti viventi);73;2020-02-11;209918
421;Adventures of Ichabod and Mr. Toad, The;25;2012-12-05;189780
422;Hellsinki (Rööperi);44;2001-01-21;336217
423;Rage of Angels;77;2013-12-20;290154
424;Trilogy of Terror;39;2001-04-27;177396
425;Moving;4;2006-03-18;263955
426;V/H/S;69;2000-06-08;132361
427;Happy We (Två killar och en tjej);46;1996-10-07;680387
428;Strongest Man in the World, The;75;2013-08-25;534913
429;S.W.A.T.;21;2011-09-29;293309
430;Eminem AKA ;95;2003-06-15;420727
431;Modigliani;76;2018-01-19;219474
432;Shadow Dancer;84;1998-06-26;421258
433;I, Frankenstein;33;2007-05-10;302305
434;Raisin in the Sun, A;80;2006-09-06;601910
435;Gross Anatomy (a.k.a. A Cut Above);49;1999-09-04;249768
436;Heldorado;43;2010-03-17;528297
437;Corn on the Cop;100;2005-11-27;526235
438;Hit the Bank (Vabank);60;1998-03-28;689908
439;Dangerous;28;1998-02-17;369744
440;Watchmen;35;2019-04-06;115970
441;Citizen Ruth;85;2019-11-05;698938
442;Thirteenth Floor, The;28;2020-02-17;531860
443;Thief of Bagdad, The;71;2008-11-22;585903
444;Godfather, The;60;2004-04-01;246022
445;Love Happy;71;2015-10-31;188291
446;Enid;79;2010-12-15;691295
447;American Dream;75;2002-06-15;596096
448;Welcome;30;2009-03-10;350517
449;Prince & Me, The;32;2004-03-14;380048
450;Gothika;24;2000-01-07;462725
451;Hitler: A Film from Germany (Hitler - ein Film aus Deutschland);18;1995-06-02;650105
452;Albuquerque;80;2005-09-02;333443
453;Throw Momma from the Train;34;2002-08-15;591833
454;Phyllis and Harold;1;2002-10-19;204880
455;Consuming Spirits;89;1999-03-23;552266
456;Gaslight;28;2016-03-09;699751
457;Rehearsals for Extinct Anatomies;11;2009-11-20;282389
458;Red Hook Summer;11;2001-12-12;663937
459;Shadow Dancer, The (Shadows in the Sun);10;2000-02-20;146563
460;Inside the Twin Towers;52;2004-01-16;211608
461;Thrilla in Manila;40;2011-10-23;485181
462;Trilogy of Terror II;50;1998-09-26;519595
463;Secret Life of Walter Mitty, The;81;2006-02-28;430452
464;Long Day's Journey Into Night;26;2011-08-25;148042
465;Hell Drivers;48;1998-08-11;243151
466;Silences of the Palace, The (Saimt el Qusur);22;2007-07-19;283431
467;Basic Instinct;19;2018-12-03;193718
468;Broadway Melody of 1936;15;2020-05-03;120993
469;Village of the Damned;59;2007-01-22;419078
470;Open Up to Me (Kerron sinulle kaiken);92;1995-07-18;146004
471;Rebel Without a Cause;9;2012-02-23;139013
472;Ladybird Ladybird;54;1996-02-09;292469
473;Mr. Moto's Last Warning;64;2007-04-06;460661
474;Toast of New Orleans, The;14;1995-11-17;288611
475;Nightmare Castle (Amanti d'oltretomba) (Lovers from Beyond the Tomb) (Faceless Monster, The);52;2020-01-08;233318
476;Leap Year (Año bisiesto);44;2007-06-17;445300
477;Free Birds;57;1995-06-23;647107
478;Shadow Dancer;7;1996-09-22;607791
479;Empire of the Ants;49;2000-02-29;550268
480;Damage (Fatale);19;1996-01-02;498397
481;Paradise Canyon;14;2004-02-17;371249
482;Swindle, The (Bidone, Il);26;2000-10-02;692407
483;Waiting Game, The;84;1995-12-04;532237
484;Marshal of Finland, The (Suomen Marsalkka);76;1996-12-15;615502
485;Zombie Girl: The Movie;21;2013-05-25;379826
486;Absolute Aggression;8;2008-09-18;567890
487;Secrets of the Heart (Secretos del Corazón);39;2002-04-30;319037
488;Devil and Daniel Johnston, The;83;2012-04-29;677095
489;Evil Bong;76;2005-12-02;528049
490;Bonjour Monsieur Shlomi (Ha-Kochavim Shel Shlomi);86;2015-06-04;600775
491;Mighty Morphin Power Rangers: The Movie;93;1999-05-22;241413
492;Acadia Acadia?!? (L'acadie, l'Acadie);6;1995-09-11;466398
493;Dream a Little Dream;41;1996-08-07;321241
494;The Final Girl;98;2002-03-04;119209
495;Desirée;22;2015-08-20;137878
496;Emergo (Apartment 143);60;2002-11-16;657957
497;Trials of Darryl Hunt, The;100;2017-12-04;325877
498;Fever;49;2020-01-27;213898
499;Little Fauss and Big Halsy;85;2005-11-16;180937
500;Mudhoney;61;2000-02-11;315709
501;Expecting a Miracle;66;1999-03-07;484395
502;Brubaker;60;2002-03-25;250434
503;Fifth Element, The;1;2011-09-20;386611
504;Lovely Molly;99;2007-11-10;216256
505;Brigham City;80;2001-08-23;668410
506;Bloody Territories (Kôiki bôryoku: ryuuketsu no shima);56;2019-04-17;629104
507;Four Men and a Prayer;16;2005-04-06;154456
508;Sleepwalking;7;2012-04-29;115547
509;Ragtime;26;1996-06-11;422440
510;Brazil: In the Shadow of the Stadiums;64;2015-08-18;208433
511;Promise, The (Wu ji);1;2005-08-28;145358
512;Valley of the Dragons;43;2015-04-04;274302
513;Love God?, The;94;2012-02-07;495570
514;Jersey Boys;96;2012-09-17;513518
515;High Strung;68;2010-05-05;251309
516;Rack, The;55;2000-10-31;681966
517;The Conrad Boys;13;2011-01-31;328536
518;Blue Velvet;74;2007-08-23;508072
519;Footprints on the Moon (Le orme) (Primal Impulse);84;2008-06-26;397644
520;Twice Born (Venuto al mondo);67;2005-06-17;566592
521;Rolling;71;2013-11-18;509093
522;Beneath;92;2013-05-18;164559
523;Midnight in Paris;10;2016-12-22;554020
524;La Rabbia;37;2017-10-17;226881
525;The Noble Family;18;2014-04-10;336236
526;Story of Adele H., The (Histoire d'Adèle H., L');89;1996-01-21;639139
527;American Affair, An;60;2009-09-08;680971
528;Sweet Sweetback's Baadasssss Song;16;1999-12-19;172421
529;Education of Little Tree, The;56;2002-01-19;658863
530;Mood Indigo (L'écume des jours);33;2013-03-19;687443
531;Commitments, The;18;2014-12-03;687600
532;Love Ghost (Shibito no koiwazura);47;2013-08-05;667826
533;Good Fairy, The;65;2013-08-01;685817
534;On the Ropes;100;2015-11-06;187525
535;Needing You... (Goo naam gwa neui);53;2002-02-21;286883
536;Glass Menagerie, The;96;2004-10-08;448699
537;Guard, The;47;1997-11-09;675117
538;Promised Life, The (Vie promise, La);12;2020-02-06;580017
539;After Image (Seeing in the Dark);51;2013-05-26;384827
540;Big Shots;86;2020-01-15;453634
541;Ewok Adventure, The (a.k.a. Caravan of Courage: An Ewok Adventure);11;1997-09-16;532619
542;Henry Poole is Here;10;2015-12-29;581917
543;Flame and Citron (Flammen & Citronen);59;2015-02-08;200465
544;Frozen;83;2011-09-24;694938
545;Clay Pigeons;51;1997-08-09;346771
546;North Country;6;1997-09-27;684596
547;Boys Don't Cry (Chlopaki nie placza);59;2020-05-10;180558
548;Musketeer, The;61;2012-01-16;289279
549;FBI: Frikis buscan incordiar;21;2006-05-17;140753
550;Behind Blue Skies (Himlen är oskyldigt blå);57;2013-10-06;556477
551;Olsen Gang, The (Olsen-Banden);96;2020-03-29;505411
552;Aaja Nachle;45;2000-02-09;387813
553;Nobody's Children (I figli di nessuno);51;1999-06-17;549967
554;Dark House;69;2006-01-19;697924
555;Tyler Perry's Madea's Big Happy Family;25;1997-06-18;186584
556;Bo Burnham: Words, Words, Words;83;2001-12-23;594314
557;Raja;36;1996-05-13;436761
558;02:22;80;2018-07-05;221557
559;Love and Other Disasters;11;2018-06-14;384674
560;Cure;40;2012-08-15;267522
561;Dangerous Place, A;84;2004-03-31;472645
562;Better Things;10;2000-11-06;599373
563;Pretty Things;60;2012-11-26;436501
564;Young Cassidy;46;2001-01-12;277413
565;Nameless Gangster (Bumchoiwaui junjaeng);92;2002-10-24;185977
566;Meet Me at the Fair;20;2009-05-21;306639
567;Lapland Odyssey (Napapiirin sankarit);36;2001-11-11;442072
568;Dead or Alive: Final;44;2017-02-12;359625
569;Woman In Berlin, A (Anonyma - Eine Frau in Berlin);69;1996-10-01;252818
570;Fall From Grace;7;1995-09-11;525811
571;Afflicted, The;9;2012-02-01;359984
572;Fallen, The;93;2019-10-09;528319
573;Summertime;58;2000-02-23;458778
574;Turandot Project, The;49;2019-08-11;378107
575;Dodes'ka-den (Clickety-Clack);88;2008-04-27;456419
576;Possible Worlds;71;2000-09-07;685012
577;Saw;23;2006-02-24;304598
578;Carancho;50;1997-04-16;405230
579;Grace of Monaco;57;2006-05-23;415868
580;Wolfen;85;2017-03-10;465655
581;Tora-san Our Lovable Tramp (Otoko wa tsurai yo);34;2017-03-25;437334
582;All the Rage (It's the Rage);82;1997-02-07;428473
583;Gate II: Trespassers, The;63;2004-03-16;191790
584;House of Exorcism, The (a.k.a. Lisa and the Devil) (Casa dell'esorcismo, La);9;1998-11-22;579174
585;Mission London;49;1995-01-15;530109
586;Apollo Zero;50;2002-04-21;505076
587;Black & White & Sex;98;2015-01-07;405389
588;Sleepover;60;2019-05-15;429370
589;Acapulco, First Beach... To the Left;81;2018-01-25;484541
590;Four Minutes (Vier Minuten);44;1996-06-10;471917
591;League of Extraordinary Gentlemen, The (a.k.a. LXG);69;2018-11-10;479115
592;Walking Dead, The;90;1999-09-18;335948
593;Disturbing Behavior;36;2007-03-06;237445
594;Mother Wore Tights;42;2010-04-06;225251
595;Stalingrad;83;1996-11-08;294674
596;Kickboxer;43;2015-09-17;532372
597;Kid Brother, The;75;2010-12-24;582000
598;Ungentlemanly Act, An;49;2006-01-24;361599
599;Seal Team Eight: Behind Enemy Lines;52;2003-09-19;506351
600;Box, The;38;2017-10-12;489813
601;Mask of Fu Manchu, The;96;2014-10-19;635422
602;Nine Dead Gay Guys;28;2005-10-26;437232
603;Castaway Cowboy, The;6;2009-07-29;439362
604;Welcome to Macintosh;95;1995-05-19;121942
605;In Bed (En la cama);56;2010-11-17;113260
606;Notorious;67;1995-12-07;555491
607;Blue Steel;3;2010-09-29;460575
608;Merry-Go-Round;92;2017-01-22;583084
609;Fatso;99;1995-03-06;366120
610;Losers, The;8;1999-04-18;142660
611;Bells of St. Mary's, The;23;2020-03-13;168036
612;Friday After Next;49;2019-02-19;388869
613;Final Destination;98;2015-07-16;243223
614;Letter, The (La lettre);99;2008-05-15;563180
615;Time to Kill, A;86;2004-01-11;377360
616;Bonnie and Clyde;76;2007-12-17;698991
617;Asterix and the Big Fight (Astérix et le coup du menhir);40;1997-03-11;438261
618;All Superheros Must Die;42;2015-01-07;617817
619;Today's Special;88;2009-04-27;273089
620;Give 'em Hell, Malone;72;1996-03-16;519314
621;The Man Who Shook the Hand of Vicente Fernandez;93;1995-09-04;644441
622;Another 48 Hrs.;59;1995-06-22;227207
623;Natural Born Killers;96;1995-10-11;313729
624;Involuntary (De ofrivilliga);12;2020-01-04;533946
625;Beneath the Rooftops of Paris (Sous les toits de Paris);19;2008-02-22;248661
626;The Butter Battle Book;81;2000-02-10;416376
627;It Started in Naples;37;2009-01-06;201660
628;Special Day, A (Giornata particolare, Una);1;2019-05-22;282349
629;Hellboy;55;2010-03-08;248583
630;Celluloid Closet, The;39;2004-11-05;638542
631;Our Nixon;63;2002-11-17;618503
632;Lad: A Dog;41;2016-09-04;321724
633;War Horse;24;2011-09-27;437528
634;Russian Doll;4;2020-03-26;689618
635;Ernest Goes to Jail;59;1999-06-03;450626
636;Playing;54;1996-09-05;503222
637;House of Mirth, The;22;2009-12-31;159811
638;Criminal Lovers;37;2013-12-17;606486
639;24 Hour Party People;2;2008-10-29;258598
640;Shampoo;53;2018-06-24;565615
641;If You Don't Stop It... You'll Go Blind!!!;37;2000-11-10;651054
642;My Winnipeg;62;2003-02-22;388662
643;Dirty;36;2013-08-06;647209
644;Princess (Prinsessa);80;2011-12-17;560388
645;The Crown Jewels;47;2002-04-07;426128
646;Rushmore;33;2001-07-07;650863
647;Taking Off;84;2013-05-26;684285
648;Home of the Brave;85;2006-06-18;423276
649;Map of the Sounds of Tokyo;51;2003-04-18;492993
650;Cars;14;1998-05-10;423281
651;Basketball Diaries, The;11;2015-11-02;484592
652;Bastards, The (Los bastardos);55;2020-02-24;194457
653;Little Sister;52;2016-03-21;259255
654;SOS - en segelsällskapsresa;15;2008-10-19;141041
655;Sixpack (Pussikaljaelokuva);70;1995-01-26;571248
656;Screamers;62;2001-03-22;469476
657;Yes;76;2000-10-09;330550
658;Cove, The;77;2010-03-22;269463
659;Cold Prey III (Fritt Vilt III);33;2005-02-17;133407
660;Disappearance of Eleanor Rigby: Them, The;23;2017-01-24;440246
661;Tuskegee Airmen, The;93;2000-06-28;408506
662;Nightwatch;57;1999-04-11;568812
663;Tyler Perry's Diary of a Mad Black Woman;72;2009-12-30;497753
664;Stand by for Action;9;1995-07-11;254583
665;Art School Confidential;96;1997-04-18;512842
666;Lockout;53;1997-08-15;582235
667;Abraham's Valley (Vale Abraão);83;2003-03-04;280627
668;Somebody Up There Likes Me;44;2018-11-22;669125
669;Aziz Ansari: Intimate Moments for a Sensual Evening;19;2012-06-27;585480
670;Double Play: James Benning and Richard Linklater;78;2007-06-10;626144
671;More Dead Than Alive;54;2014-04-03;434068
672;American Nightmare, The;5;2006-08-17;488388
673;Playboys, The;21;2004-11-18;564529
674;Devil's Double, The;7;1997-12-21;632598
675;Mission: Impossible - Ghost Protocol;70;2009-05-11;519442
676;Naked Spur, The;86;2001-09-27;654325
677;Freedom Downtime;99;2000-03-06;187162
678;Tomb, The;17;1999-10-31;128761
679;Bonjour tristesse;64;2003-01-12;668169
680;When the Bough Breaks;8;2003-03-17;589404
681;Simon Killer ;30;2005-01-09;145403
682;Crime at Porta Romana;87;1996-04-14;187468
683;Snake Pit, The;11;2007-03-21;211972
684;Charlie Chan in Honolulu;41;2016-03-29;152751
685;Beowulf;62;1995-12-29;174799
686;First Strike;75;1998-10-02;636023
687;Man Without a Face, The;87;2004-02-04;243635
688;Heat and Dust;32;2004-10-02;598728
689;Crocodile Dundee II;7;2005-07-01;141704
690;No Man's Land;53;2002-07-03;402837
691;Pauly Shore Is Dead;80;2009-08-28;645078
692;InAPPropriate Comedy;74;2015-03-28;617149
693;Mid-August Lunch (Pranzo di ferragosto);19;2001-09-26;406424
694;Lucie Aubrac;85;2001-03-21;633014
695;Safe House;29;2019-02-19;692873
696;Sense & Sensibility;75;2002-07-10;356971
697;Syrian Bride, The;34;2007-06-13;199328
698;Without a Clue;88;2016-08-25;402276
699;Three Came Home;9;2019-04-11;118424
700;Megan Is Missing;60;2017-12-10;400189
701;Under the Skin;17;1998-11-22;197360
702;Billy Elliot;96;1999-12-08;654454
703;Arsenic and Old Lace;58;2018-01-10;229193
704;Watermelon Woman, The;41;2005-06-10;294363
705;Aladdin and the King of Thieves;77;2019-08-27;226932
706;Kill the Messenger;43;2003-01-11;498470
707;Needle, The (Igla);18;2020-03-26;101386
708;Salaam-E-Ishq;64;2005-07-30;287302
709;Amor brujo, El (Love Bewitched, A);53;1995-02-19;397507
710;Europeans, The;52;2020-01-20;136758
711;Two Weeks in September;51;2007-07-10;171237
712;These Amazing Shadows;76;2000-01-18;300611
713;Guest of Cindy Sherman;12;2018-11-02;689434
714;Lady and the Duke, The (Anglaise et le duc, L');34;2016-06-05;495285
715;Girl by the Lake, The (La ragazza del lago);31;1997-06-16;182773
716;3 Simoa;95;2013-07-22;439843
717;Cookie;34;1995-09-21;230010
718;Better Things;62;1997-07-11;503211
719;Diva;40;2005-05-01;564107
720;First Family;94;2006-03-16;184373
721;Easy Wheels;40;2016-03-08;398744
722;Major League: Back to the Minors;9;2003-06-13;430861
723;Shanks;96;2008-10-15;118113
724;I Love Your Work;48;2013-06-12;603123
725;Extreme Movie;35;2017-01-13;476381
726;Monster House;68;2019-08-17;466971
727;Train Ride to Hollywood;90;2010-04-17;245934
728;Gamera vs. Guiron;51;1999-03-10;281084
729;Horse Soldiers, The;93;2018-08-14;597177
730;Into the Blue 2: The Reef;1;2014-11-20;198599
731;Loulou;32;2014-07-19;408474
732;Amazing Spider-Man, The;86;2015-03-25;154490
733;Mysterious Island;19;2012-09-15;612839
734;Fraternity Vacation;78;2004-04-11;176388
735;Swedish Love Story, A (Kärlekshistoria, En);22;2006-07-16;654060
736;Young and Prodigious T.S. Spivet, The (L'extravagant voyage du jeune et prodigieux T.S. Spivet);97;2001-10-01;217187
737;Rudy;51;2006-09-09;545507
738;Nine Lives;21;2009-01-16;554679
739;Sign of Leo, The (Signe du lion, Le);71;2001-11-10;436193
740;The Big Broadcast of 1938;66;2008-12-23;197976
741;Patience (After Sebald);88;2004-02-27;629467
742;Mr. Nobody;51;1995-12-11;104803
743;Ai Weiwei: Never Sorry;6;2010-04-05;465130
744;Runaway Bride;27;2014-09-20;109534
745;Holy Rollers;50;2004-11-21;325770
746;Dilettante, La;25;2017-09-02;262268
747;Pendulum;20;2016-10-15;173818
748;Crisis;46;2019-05-29;488848
749;Rent-A-Cop;27;2019-06-04;265903
750;Blood Spattered Bride, The (La novia ensangrentada);56;2008-04-21;364376
751;The Boy Who Cried Werewolf;36;2010-09-18;314562
752;Bread and Tulips (Pane e tulipani);77;2010-11-19;289133
753;Thing, The;59;2009-09-13;381300
754;Death Takes a Holiday;12;2019-09-22;596468
755;What a Way to Go!;36;2008-10-03;497158
756;Hunted, The;70;2008-09-02;146163
757;Death and Cremation;11;2013-05-26;255944
758;Starsky & Hutch;77;1996-11-06;490037
759;Max Keeble's Big Move;2;2004-06-12;131215
760;We Live in Public;22;2009-12-17;275937
761;Adventureland;51;2013-07-13;568407
762;10th Victim, The (La decima vittima);26;1999-12-31;643242
763;Alexander the Great;99;1996-04-30;296799
764;Battle of Shaker Heights, The;90;2005-12-26;479674
765;Work of Director Michel Gondry, The;11;1998-11-21;217827
766;Mad Detective (Sun taam);75;2010-08-29;329154
767;Court-Martial of Billy Mitchell, The;44;2015-09-02;170105
768;Vampire Apocalypse;95;2008-02-05;289981
769;Hawaii;35;1999-07-02;459856
770;2LDK;24;2010-09-19;546193
771;Last Circus, The (Balada triste de trompeta) (Sad Trumpet Ballad, A);41;2002-03-11;248880
772;Listy do M.;67;2012-06-30;341732
773;Fast and the Furious: Tokyo Drift, The (The Fast and the Furious 3);40;2013-09-30;511233
774;Speed & Angels;70;2011-12-02;538385
775;Khartoum;63;2019-01-20;113963
776;Good Copy Bad Copy;83;1995-12-03;553393
777;World's End, The;5;2007-12-19;558459
778;First Sunday;60;1998-05-18;452672
779;The Punisher: Dirty Laundry;77;2009-12-18;663942
780;Just Imagine;12;2020-04-04;127592
781;Pool, The (Swimming Pool - Der Tod feiert mit) ;64;2005-11-18;292092
782;Young Americans, The;86;1997-11-17;558852
783;Bloody Bloody Bible Camp;55;2016-07-25;638320
784;Muriel, or The Time of Return (Muriel ou Le temps d'un retour);93;2014-04-25;621677
785;Amazing Spider-Man, The;54;2013-05-23;297307
786;Closet, The (Placard, Le);14;2012-09-13;618785
787;X-Men: Days of Future Past;50;2017-07-20;243950
788;Hitler's Children;51;1998-08-25;679423
789;Lotta 2: Lotta flyttar hemifrån;52;2007-12-13;431810
790;Tell Me Something (Telmisseomding);15;2013-02-01;578257
791;Chattahoochee;16;2016-04-04;687094
792;Chained;91;2017-03-09;238749
793;Crimson Petal and the White, The;84;1999-02-04;227247
794;Fright Night;68;1999-08-09;118486
795;Death of a Cyclist (Muerte de un ciclista);91;2002-06-02;599376
796;Red Shoes, The (Bunhongsin);36;1999-08-16;146128
797;Event Horizon;73;2008-10-14;131165
798;Reckless;28;2000-01-13;354367
799;Velocity of Gary, The;90;1997-08-19;522415
800;Melancholia;69;2001-03-10;517307
801;The Rabbi's Cat (Le chat du rabbin);35;2007-02-06;476553
802;One True Thing;15;2009-10-05;600381
803;Moth, The (Cma);1;2018-09-02;678762
804;Secret Reunion (Ui-hyeong-je);73;2015-06-27;111377
805;Evil of Frankenstein, The;16;2013-10-21;510885
806;Bank Job, The;100;2010-10-30;230501
807;We Feed the World;59;2006-06-28;532659
808;Revolution;54;1995-01-21;514659
809;American Vagabond;87;2006-09-25;255285
810;Magnificent Obsession;42;1998-12-25;114600
811;Don Q Son of Zorro;93;2015-06-11;478884
812;Greatest Game Ever Played, The;86;2015-12-07;210170
813;Recruiter, The;51;2009-05-01;350349
814;Early Summer (Bakushû);21;2018-08-19;291648
815;The Good Lie;47;1996-07-29;563468
816;The Sea That Thinks;88;2012-05-21;644299
817;Ginger Snaps;63;2005-10-11;152036
818;Giant Claw, The;19;2005-04-18;308111
819;Grizzly Man;30;2008-06-25;489508
820;Violette;61;2016-01-06;362294
821;March or Die;77;2009-10-07;305251
822;Opening Night;91;1995-04-19;473578
823;FDR: American Badass!;24;2003-11-24;135627
824;Blood Beast Terror, The;78;2007-01-10;422319
825;Son of the Bride (Hijo de la novia, El);51;1997-08-04;460604
826;Rid of Me;61;2012-08-21;251772
827;Last Emperor, The;91;2015-08-16;572010
828;Sylvia and the Ghost;94;2010-05-20;436614
829;About Face: Supermodels Then and Now;42;2008-11-01;422842
830;Fire and Ice;38;2006-11-02;387442
831;Confessions of a Dangerous Mind;97;2005-12-07;429650
832;Rocking Horse Winner, The;8;1999-05-23;506333
833;Farce of the Penguins;73;2019-06-12;650276
834;Santa Sangre;20;2017-07-31;438969
835;Teheran 43: Spy Ring (a.k.a. Assassination Attempt) (Tegeran-43);8;2004-04-27;607397
836;Deadbolt;10;2003-10-03;122296
837;Versus;19;2001-09-20;546577
838;People vs. Larry Flynt, The;19;2008-04-08;391723
839;Dead Husbands;2;2007-08-31;297313
840;Chamber, The;14;2008-01-26;631137
841;Men in Black II (a.k.a. MIIB) (a.k.a. MIB 2);9;2015-04-18;353028
842;Princess and the Warrior, The (Krieger und die Kaiserin, Der);79;2012-03-31;529310
843;Boys' Night Out;100;2012-05-13;392610
844;Confessions from a Holiday Camp;50;2003-05-27;226539
845;Seance on a Wet Afternoon;17;2007-09-07;472575
846;Cherry Falls;38;1996-10-23;347722
847;Big Hangover, The;46;1999-04-04;125257
848;Yankee Doodle Dandy;26;2000-02-28;611624
849;Scary Movie;97;1998-11-18;446608
850;Within Our Gates;18;2007-04-21;261649
851;Jesus Christ Vampire Hunter;47;2018-08-24;228584
852;Lightning Strikes Twice;81;1997-08-26;351879
853;Whom the Gods Wish to Destroy (Nibelungen, Teil 1: Siegfried, Die);33;2016-04-07;627365
854;Sea, The (Hafið);17;2016-03-02;320486
855;Class;17;2014-04-06;284228
856;Separate Tables;30;2001-07-10;646112
857;Tristram Shandy: A Cock and Bull Story;44;1997-07-01;659242
858;LOL;74;2006-12-20;257785
859;Master of the Universe;28;2006-09-04;361939
860;Chicken with Plums (Poulet aux prunes);58;2010-07-26;114903
861;Fine, Totally Fine (Zenzen Daijobu);29;2009-02-15;217454
862;Zeitgeist: Addendum;6;2000-09-19;687055
863;Burn! (Queimada);15;2011-01-01;631435
864;Man Who Copied, The (Homem Que Copiava, O);46;2000-06-08;546532
865;Beijing Taxi;16;1997-10-31;372285
866;Cloud 9;28;2006-05-17;291041
867;It;11;1996-05-02;692121
868;Vital Signs;20;2011-02-08;346712
869;The Lone Wolf Spy Hunt;88;2010-02-03;613786
870;Jet Pilot;35;2003-05-14;370312
871;Mummy, The;3;1996-12-04;376301
872;Peep World;3;1998-02-15;118620
873;Children of Leningradsky, The;56;2016-07-27;111277
874;Skin Game;67;2011-08-20;467145
875;Hometown Legend;89;2008-02-22;423612
876;Getting It Right;38;1995-04-17;559728
877;Broken Arrow;80;2010-12-24;457232
878;Karate Kid, The;18;2004-02-29;393018
879;Last Summer;91;2001-02-05;531758
880;I Know Where I'm Going!;54;2019-09-21;438265
881;Brick Lane;42;2012-07-10;191515
882;William Kunstler: Disturbing the Universe;81;2001-08-10;171212
883;Silver Stallion (Silver Brumpy, The);81;1998-07-19;613722
884;Destiny Turns on the Radio;75;2019-01-18;316015
885;Zombies of the Stratosphere;27;2010-05-23;624858
886;Hit and Run (Hit & Run);76;2008-08-17;262094
887;Grumpier Old Men;41;2009-05-27;582500
888;Wild Beasts (Wild beasts - Belve feroci);87;1996-12-21;531694
889;Tank Girl;93;2008-03-19;379366
890;Erkan & Stefan 2;72;2001-05-28;601619
891;Man Without a Face, The;27;2015-03-13;301468
892;Dark Skies;77;1997-05-31;466306
893;After...;22;2003-01-03;683669
894;Shed No Tears (Känn ingen sorg);57;2011-07-27;214313
895;No Impact Man: The Documentary;18;2004-08-30;296977
896;6ixtynin9 (Ruang Talok 69);18;2000-01-14;591978
897;Abigail's Party;12;2008-11-30;551792
898;Bad Timing: A Sensual Obsession;50;2009-07-13;669949
899;Werewolf of London;85;1999-01-01;218590
900;Den tatuerade änkan (Tattooed Widow, The) ;32;1997-06-30;509734
901;Terminator Salvation;96;2010-11-28;637867
902;One, Two, Three;2;2020-04-01;590263
903;Father Hood;51;2004-09-25;542780
904;Take, The;14;2006-09-18;466788
905;Big Trail, The;58;2018-12-04;227774
906;Reality Bites;60;1995-03-12;131981
907;Once in the Life;19;2014-07-22;586361
908;Warrior and the Sorceress, The;43;1999-11-13;335579
909;Return to Snowy River (a.k.a. The Man From Snowy River II);93;2003-10-01;542395
910;Spring Breakdown;37;2014-02-17;279697
911;Oliver & Company;62;2010-06-18;407065
912;Great Happiness Space, The: Tale of an Osaka Love Thief;1;2002-02-12;593660
913;Ran;42;2016-02-23;587507
914;Gummo;20;1995-07-10;346895
915;Space Station 76;28;2009-07-25;343303
916;The Crown Jewels;25;2017-07-25;178701
917;Double Suicide (Shinjû: Ten no amijima);55;2018-09-23;256302
918;Delta;71;2001-05-07;379864
919;Joseph and the Amazing Technicolor Dreamcoat;79;2000-01-28;374593
920;My Name Is Julia Ross;49;2006-06-14;117364
921;Mist, The;74;1999-01-20;445983
922;Captain America: The First Avenger;91;2013-06-26;390543
923;Babymother;16;2005-05-11;556832
924;Swimming Pool;43;1997-05-05;342877
925;Year of the Wolf, The (Suden vuosi);92;2009-07-27;209564
926;Line King: The Al Hirschfeld Story, The;25;1995-12-28;287333
927;Ali Baba Goes to Town;34;2011-11-22;377810
928;Odd Couple II, The;94;2001-12-31;557332
929;Mostly Martha (Bella Martha);39;2009-07-13;672186
930;Twilight;3;2006-02-06;635055
931;Horseman, The;79;2019-11-26;524296
932;Babylon 5: The Lost Tales - Voices in the Dark;71;2009-03-18;140117
933;Late Great Planet Earth, The;68;2002-07-09;568861
934;Altered;89;2009-05-28;511227
935;Barfi!;13;2010-02-02;649937
936;Ghost and Mr. Chicken, The;69;1998-11-25;390003
937;DiG!;58;2005-10-21;207719
938;One and Only, Genuine, Original Family Band, The;98;2013-08-15;297293
939;Repentance (Monanieba);72;2006-12-01;655938
940;Blind Date;13;2012-08-23;633830
941;Rolling Family (Familia rodante);51;2011-01-17;572947
942;Give 'em Hell, Malone;35;2012-12-22;352519
943;King - Jari Litmanen, The (Kuningas Litmanen);62;2016-01-19;463848
944;Lovely, Still;17;2018-12-31;286434
945;Sharpe's Gold;81;2008-06-17;593855
946;The Amazing Dr. Clitterhouse;65;1997-12-01;108546
947;Nazi Officer's Wife, The;85;2006-05-14;520532
948;Too Hot to Handle;13;2019-08-28;587576
949;Cherry Falls;73;2020-03-09;493378
950;Coming Out;81;2011-04-05;159901
951;Animal Room;6;2004-01-14;566935
952;Free Willy 3: The Rescue;79;2019-10-14;672125
953;Do We Really Need the Moon?;84;2016-02-06;565095
954;Forsaking All Others;43;2008-05-03;258390
955;Lana Turner... a Daughter's Memoir;40;2016-10-12;259888
956;Trekkies;46;2001-09-20;513865
957;Orgazmo;29;2009-11-20;692537
958;George Washington Slept Here;21;1996-05-28;306468
959;Trial of the Road (Check-up on the Roads) (Checkpoint) (Proverka na dorogakh);14;2018-11-01;681388
960;Spiritual Kung Fu (Quan jing);61;1999-10-28;108255
961;Friend of the Deceased, A (Priyatel pokonika);22;2007-07-07;295184
962;Claudine;34;2014-11-21;548470
963;Pariah;62;2009-07-24;468202
964;Common Wealth (Comunidad, La);96;2001-12-08;157286
965;Nuremberg;73;2000-09-26;543236
966;Dear John;73;2014-07-21;693804
967;Images of the World and the Inscription of War (Bilder der Welt und Inschrift des Krieges);94;2009-07-20;517155
968;Merlusse;14;1997-12-16;494999
969;When Pigs Have Wings;42;2009-06-25;309564
970;Swindle, The (Rien ne va plus);46;1999-05-30;277235
971;Scum;17;2004-09-09;122485
972;Slam;94;2015-01-14;156385
973;Business as Usual;15;2011-03-16;633966
974;Private Lessons;85;2011-04-14;419574
975;Don't Think About It (Non Pensarci);20;2014-04-20;296017
976;Dead Calling, A;85;1999-03-28;454597
977;Tomorrow, the World!;1;2000-08-30;215327
978;Hack!;59;2013-06-13;139707
979;The Child and the Policeman;61;2019-11-09;511152
980;Charlotte's Web;77;2013-08-18;681722
981;Hangover Part III, The;35;1999-07-23;255880
982;The Inhabited Island;87;2006-03-27;383082
983;Come to the Stable;40;2006-01-28;160918
984;Making 'Do the Right Thing';89;2012-02-18;583267
985;Together (Han ni Zai Yiki);35;2011-12-31;486932
986;Ghost Dog: The Way of the Samurai;98;2001-01-20;175646
987;Atomic Rulers of the World;36;2012-02-20;446301
988;Murphy's Romance;74;1995-05-29;480814
989;Sasquatch: The Legend of Bigfoot;4;2000-11-07;203587
990;Wolfsburg;22;2010-07-27;229899
991;Claire Dolan;37;2001-11-23;393466
992;Burn After Reading;31;2015-10-23;260603
993;Pure Country;56;1999-04-11;526542
994;Beverly Hills Chihuahua 3;82;2018-09-14;463897
995;Kind of Loving, A;12;1995-01-23;603833
996;Colt 38 Special Squad;83;1997-05-14;275564
997;Something of Value;41;2018-04-24;435017
998;Alfie;77;2015-02-11;427414
999;Marjorie Morningstar;18;2020-02-22;545217
1000;Challenge, The;39;1995-07-14;470488
